".impact",".impact","EN","ES"
"1Day Sooner","1Day Sooner","EN","ES"
"80,000 Hours","80.000 Horas","EN","ES"
"an issue that, if more thoroughly examined, could rank as a top global challenge","una cuestión que, si se examinara más a fondo, podría calificar como uno de los principales desafíos globales","EN","ES"
"an unusually pressing global problem ranked slightly below their four highest priority areas","un problema global inusualmente grave situado levemente por debajo de las cuatro áreas consideradas de prioridad máxima","EN","ES"
"a potential highest priority area","una potencial área de máxima prioridad","EN","ES"
"a second-highest priority area","un área de segunda máxima prioridad","EN","ES"
"Abdul Latif Jameel Poverty Action Lab","Abdul Latif Jameel Poverty Action Lab","EN","ES"
"acausal trade","intercambio no causal","EN","ES"
"accidental harm","daño accidental","EN","ES"
"adjusted life year","año de vida ajustado","EN","ES"
"affectable universe","universo afectable","EN","ES"
"Against Malaria Foundation","Against Malaria Foundation","EN","ES"
"AGI","IAG","EN","ES"
"aging research","investigación sobre el envejecimiento","EN","ES"
"agricultural revolution","Revolución Neolítica","EN","ES"
"AI alignment","alineación de la IA","EN","ES"
"AI Alignment Forum","AI Alignment Forum","EN","ES"
"AI arms race","carrera armamentista de la AI","EN","ES"
"AI boxing","encajamiento de la IA","EN","ES"
"AI disaster","desastres causados por la IA","EN","ES"
"AI ethics","ética de la IA","EN","ES"
"AI forecasting","pronósticación de la IA","EN","ES"
"AI interpretability","interpretabilidad de la IA","EN","ES"
"AI race","carrera de la IA","EN","ES"
"AI risk","riesgo asociado a la IA","EN","ES"
"AI safety","seguridad de la IA","EN","ES"
"AI skepticism","escepticismo sobre la IA","EN","ES"
"AI takeoff","despegue de la IA","EN","ES"
"AI takeover","toma de poder por parte de la AI","EN","ES"
"AI winter","invierno de la IA","EN","ES"
"AI-enabled","con IA","EN","ES"
"air pollution","contaminación atmosférica","EN","ES"
"Albert Schweitzer Foundation","Albert Schweitzer Foundation","EN","ES"
"alignment","alineación","EN","ES"
"Alignment Research Center","Alignment Research Center","EN","ES"
"alignment tax","impuesto de alineación","EN","ES"
"All-Party Parliamentary Group for Future Generations","All-Party Parliamentary Group for Future Generations","EN","ES"
"ALLFED","ALLFED","EN","ES"
"alternative proteins","proteínas alternativas","EN","ES"
"altruistic coordination","coordinación altruista","EN","ES"
"altruistic motivation","motivación altruista","EN","ES"
"altruistic wager","apuesta altruista","EN","ES"
"Alvea","Alvea","EN","ES"
"Anima International","Anima International","EN","ES"
"Animal Advocacy Careers","Animal Advocacy Careers","EN","ES"
"Animal Ask","Animal Ask","EN","ES"
"Animal Charity Evaluators","Animal Charity Evaluators","EN","ES"
"animal cognition","cognición animal","EN","ES"
"Animal Empathy Philippines","Animal Empathy Philippines","EN","ES"
"animal product","producto de origen animal","EN","ES"
"animal product alternatives","alternativas a los productos de origen animal","EN","ES"
"animal sentience","sintiencia animal","EN","ES"
"animal welfare","bienestar animal","EN","ES"
"Animal Welfare Fund","Animal Welfare Fund","EN","ES"
"anthropic capture","captura antrópica","EN","ES"
"anthropic shadow","sombra antrópica","EN","ES"
"anthropics","antrópica","EN","ES"
"anthropogenic existential risk","riesgo existencial antropogénico","EN","ES"
"Apollo Academic Surveys","Apollo Academic Surveys","EN","ES"
"applied ethics","ética aplicada","EN","ES"
"applied welfare biology","biología del bienestar aplicada","EN","ES"
"Aquatic Life Institute","Aquatic Life Institute","EN","ES"
"artificial general intelligence","inteligencia artificial general","EN","ES"
"artificial intelligence","inteligencia artificial","EN","ES"
"artificial sentience","sintiencia artificial","EN","ES"
"Association for Long Term Existence and Resilience","Association for Long Term Existence and Resilience","EN","ES"
"astronomical waste","desperdicio astronómico","EN","ES"
"Atlas Fellowship","Atlas Fellowship","EN","ES"
"atomically precise manufacturing","fabricación de precisión atómica","EN","ES"
"automation","automatización","EN","ES"
"autonomous weapon","arma autónoma","EN","ES"
"AWTP","DAPA","EN","ES"
"axiology","axiología","EN","ES"
"Ayuda Efectiva","Ayuda Efectiva","EN","ES"
"baby universe","universo pequeño","EN","ES"
"bad actor","actor malintencionado","EN","ES"
"basic AI drive","impulso básico de la IA","EN","ES"
"bayes theorem","teorema de Bayes","EN","ES"
"bayesian epistemology","epistemología bayesiana","EN","ES"
"bed nets","mosquiteras","EN","ES"
"Berkeley Existential Risk Initiative","Berkeley Existential Risk Initiative","EN","ES"
"Bill & Melinda Gates Foundation","Bill & Melinda Gates Foundation","EN","ES"
"Bing Chat","Bing Chat","EN","ES"
"bioanchor","anclaje biológico","EN","ES"
"biodiversity loss","pérdida de biodiversidad","EN","ES"
"bioethics","bioética","EN","ES"
"biological anchor","anclaje biológico","EN","ES"
"Biological Weapons Convention","Convención sobre las Armas Biológicas","EN","ES"
"biorisk","biorriesgo","EN","ES"
"biosecurity","bioseguridad","EN","ES"
"biosurveillance","biovigilancia","EN","ES"
"biotechnology","biotecnología","EN","ES"
"bioterrorism","bioterrorismo","EN","ES"
"brain computer interfaces","interfaces cerebro-ordenador","EN","ES"
"broad intervention","intervención amplia","EN","ES"
"broad market efficiency","eficiencia de mercado amplio","EN","ES"
"broad vs. narrow interventions","intervenciones amplias e intervenciones estrechas","EN","ES"
"building effective altruism","desarrollo del altruismo eficaz","EN","ES"
"Bulletin of the Atomic Scientists","Bulletin of the Atomic Scientists","EN","ES"
"burden of disease","carga de la enfermedad","EN","ES"
"California effect","efecto California","EN","ES"
"California YIMBY","California YIMBY","EN","ES"
"Cambridge Existential Risks Initiative","Cambridge Existential Risks Initiative","EN","ES"
"Cambridge Summer Programme in Applied Reasoning","Cambridge Summer Programme in Applied Reasoning","EN","ES"
"Canopie","Canopie","EN","ES"
"capability control method","método de control de la capacidad","EN","ES"
"career","carrera profesional","EN","ES"
"career capital","capital profesional","EN","ES"
"career choice","elección de carrera profesional","EN","ES"
"career framework","marco para la elección de carreras","EN","ES"
"cash transfers","transferencias de dinero","EN","ES"
"cause area","área de trabajo","EN","ES"
"cause neutrality","neutralidad respecto a las causas","EN","ES"
"cause prioritization","priorización de causas","EN","ES"
"cause x","causa X","EN","ES"
"CBA","ACB","EN","ES"
"Cellular Agriculture Society","Cellular Agriculture Society","EN","ES"
"Center for Applied Rationality","Center for Applied Rationality","EN","ES"
"Center for Election Science","Center for Election Science","EN","ES"
"Center for Human-Compatible Artificial Intelligence","Center for Human-Compatible Artificial Intelligence","EN","ES"
"Center for Reducing Suffering","Center for Reducing Suffering","EN","ES"
"Center for Security and Emerging Technology","Center for Security and Emerging Technology","EN","ES"
"Center for Space Governance","Center for Space Governance","EN","ES"
"Center on Long-Term Risk","Center on Long-Term Risk","EN","ES"
"Centre for Effective Altruism","Centre for Effective Altruism","EN","ES"
"Centre for Enabling EA Learning & Research","Centre for Enabling EA Learning & Research","EN","ES"
"Centre for Long-Term Resilience","Centre for Long-Term Resilience","EN","ES"
"Centre for the Governance of AI","Centre for the Governance of AI","EN","ES"
"Centre for the Study of Existential Risk","Centre for the Study of Existential Risk","EN","ES"
"certificate of impact","certificado de impacto","EN","ES"
"charity","organización benéfica","EN","ES"
"Charity Entrepreneurship","Charity Entrepreneurship","EN","ES"
"charity evaluation","evaluación de organizaciones benéficas","EN","ES"
"charity incubation","incubación de organizaciones benéficas","EN","ES"
"Charity Science Foundation","Charity Science Foundation","EN","ES"
"charter cities","ciudades chárter","EN","ES"
"Charter Cities Institute","Charter Cities Institute","EN","ES"
"civilizational collapse","colapso de la civilización","EN","ES"
"civilizational resilience","resiliencia de la civilización","EN","ES"
"classical utilitarianism","utilitarismo clásico","EN","ES"
"clean meat","carne limpia","EN","ES"
"climate change","cambio climático","EN","ES"
"climate engineering","ingeniería climática","EN","ES"
"close calls","incidentes que estuvieron muy cerca de ser una catástrofe","EN","ES"
"clueless","estar en una situación de incertidumbre radical","EN","ES"
"cluelessness","incertidumbre radical","EN","ES"
"cluster headache","cefalea en brotes","EN","ES"
"cluster thinking","pensamiento en conjunto","EN","ES"
"cognitive bias","sesgo cognitivo","EN","ES"
"cognitive enhancement","mejora de la cognición","EN","ES"
"collective superintelligence","superinteligencia colectiva","EN","ES"
"command, control, and communications","mando, control y comunicaciones","EN","ES"
"community infrastructure","infraestructura de la comunidad","EN","ES"
"Compassion in World Farming","Compassion in World Farming","EN","ES"
"compound existential risk","riesgo existencial compuesto","EN","ES"
"comprehensive AI services","servicios de IA integrales","EN","ES"
"Comprehensive Nuclear-Test-Ban Treaty","Tratado de Prohibición Completa de los Ensayos Nucleares","EN","ES"
"computation hazard","riesgo de la computación","EN","ES"
"computational power of the human brain","capacidad computacional del cerebro humano","EN","ES"
"compute","poder de cómputo","EN","ES"
"compute governance","gobernanza de la computación","EN","ES"
"computer vision","visión artificial","EN","ES"
"computing power","poder de cómputo","EN","ES"
"computronium","computronio","EN","ES"
"conditional on","en caso de que","EN","ES"
"conflict theory","teoría del conflicto","EN","ES"
"consciousness research","investigación sobre la consciencia","EN","ES"
"consequentialism","consecuencialismo","EN","ES"
"conservation","conservación","EN","ES"
"constraints on effective altruism","límites en el altruismo eficaz","EN","ES"
"consultancy","consultoría","EN","ES"
"Cooperative AI Foundation","Cooperative AI Foundation","EN","ES"
"cooperative AI foundation","IA cooperativa","EN","ES"
"Copenhagen Consensus Center","Copenhagen Consensus Center","EN","ES"
"corporate animal welfare campaigns","campañas corporativas para el bienestar animal","EN","ES"
"corporate cage free campaigns","campañas corporativas para la eliminación de las jaulas","EN","ES"
"cosmic commons","bienes cósmicos comunales","EN","ES"
"cosmological commons","bienes cosmológicos comunales","EN","ES"
"cosmopolitanism","cosmopolitismo","EN","ES"
"cost","costo","EN","ES"
"cost and benefit","costos y beneficios","EN","ES"
"cost-benefit","costo-beneficio","EN","ES"
"cost-benefit analysis","análisis de costo-beneficio","EN","ES"
"cost-effective","costo-eficaz","EN","ES"
"cost-effectiveness","costo-eficacia","EN","ES"
"cost-effectiveness analysis","análisis de costo-eficacia","EN","ES"
"costs","costos","EN","ES"
"counterfactual","contrafáctico","EN","ES"
"counterfactual reasoning","razonamiento contrafáctico","EN","ES"
"credal resilience","resiliencia de la convicción","EN","ES"
"credence","grado de creencia","EN","ES"
"criminal justice reform","reforma de la justicia penal","EN","ES"
"crucial consideration","consideración crucial","EN","ES"
"crustacean welfare","bienestar de los crustáceos","EN","ES"
"crux","punto crucial","EN","ES"
"cryonics","criónica","EN","ES"
"Cuban missile crisis","crisis de los misiles de Cuba","EN","ES"
"cultivated meat","carne cultivada","EN","ES"
"cultural evolution","evolución cultural","EN","ES"
"cultural lag","retraso cultural","EN","ES"
"cultural persistence","persistencia cultural","EN","ES"
"cultured meat","carne cultivada","EN","ES"
"debunking argument","argumento genealógico","EN","ES"
"decision theory","teoría de la decisión","EN","ES"
"decision-theoretic uncertainty","incertidumbre sobre las teorías de la decisión","EN","ES"
"decisive strategic advantage","ventaja estratégica decisiva","EN","ES"
"DeepMind","DeepMind","EN","ES"
"defense in depth","defensa en profundidad","EN","ES"
"deliberation ladder","escalera de deliberación","EN","ES"
"demandingness of morality","exigencias de la moral","EN","ES"
"Democracy Defense Fund","Democracy Defense Fund","EN","ES"
"deontology","deontología","EN","ES"
"Development Media International","Development Media International","EN","ES"
"Deworm the World Initiative","Deworm the World Initiative","EN","ES"
"deworming","desparasitación","EN","ES"
"dietary change","cambio en la dieta","EN","ES"
"differential progress","progreso diferencial","EN","ES"
"digital person","persona digital","EN","ES"
"diminishing returns","rendimientos decrecientes","EN","ES"
"disability-adjusted life year","año de vida ajustado por discapacidad","EN","ES"
"discount rate over time","tasa de descuento temporal","EN","ES"
"disease burden","carga de la enfermedad","EN","ES"
"disentanglement research","investigación para el esclarecimiento","EN","ES"
"Dispensers for Safe Water","Dispensers for Safe Water","EN","ES"
"divestment","desinversión","EN","ES"
"Doebem","Doebem","EN","ES"
"donation matching","igualación de las donaciones","EN","ES"
"donation pledge","compromiso de donación","EN","ES"
"Donational","Donational","EN","ES"
"donor lotteries","sorteo para donantes","EN","ES"
"doomsday argument","argumento del juicio final","EN","ES"
"dual use","doble uso","EN","ES"
"dystopia","distopía","EN","ES"
"EA Giving Tuesday","EA Giving Tuesday","EN","ES"
"EAEcon","EAEcon","EN","ES"
"earning to give","ganar para donar","EN","ES"
"economics of artificial intelligence","economía de la inteligencia artificial","EN","ES"
"effective altruism","altruismo eficaz","EN","ES"
"Effective Altruism and Consulting Network","Effective Altruism and Consulting Network","EN","ES"
"Effective Altruism Anywhere","Effective Altruism Anywhere","EN","ES"
"Effective Altruism Coaching","Effective Altruism Coaching","EN","ES"
"Effective Altruism Forum","Effective Altruism Forum","EN","ES"
"Effective Altruism Foundation","Effective Altruism Foundation","EN","ES"
"Effective Altruism Funds","Effective Altruism Funds","EN","ES"
"Effective Altruism Hub","Effective Altruism Hub","EN","ES"
"Effective Altruism Infrastructure Fund","Effective Altruism Infrastructure Fund","EN","ES"
"Effective Altruism Israel","Effective Altruism Israel","EN","ES"
"Effective Altruism London","Effective Altruism London","EN","ES"
"effective giving","donación eficaz","EN","ES"
"Effektiv-Spenden.org","Effektiv-Spenden.org","EN","ES"
"electoral reform","reforma electoral","EN","ES"
"emergency food","alimentos de emergencia","EN","ES"
"emergency response","respuesta en casos de emergencia","EN","ES"
"Emergent Ventures","Emergent Ventures","EN","ES"
"empirical stabilizing assumption","supuesto estabilizador empírico","EN","ES"
"engineered pandemic","pandemia artificial","EN","ES"
"environmental science","ciencias ambientales","EN","ES"
"epistemic deference","deferencia epistémica","EN","ES"
"epistemic rationality","racionalidad epistémica","EN","ES"
"epistemology","epistemología","EN","ES"
"equal consideration of interests","igual consideración de intereses","EN","ES"
"estimation of existential risk","estimación del riesgo existencial","EN","ES"
"ethics of artificial intelligence","ética de la inteligencia artificial","EN","ES"
"ethics of existential risk","ética del riesgo existencial","EN","ES"
"ethics of personal consumption","ética del consumo personal","EN","ES"
"European Summer Program on Rationality","European Summer Program on Rationality","EN","ES"
"Evidence Action","Evidence Action","EN","ES"
"evidential symmetry","simetría de evidencia","EN","ES"
"evolution heuristic","heurística de la evolución","EN","ES"
"excited altruism","altruismo entusiasta","EN","ES"
"excited altruist","altruista entusiasta","EN","ES"
"Executive Office of the Secretary-General","Oficina Ejecutiva del Secretario General","EN","ES"
"existential catastrophe","catástrofe existencial","EN","ES"
"existential risk","riesgo existencial","EN","ES"
"existential risk factor","factor de riesgo existencial","EN","ES"
"existential risks from fundamental physics research","riesgos existenciales derivados de la investigación en física fundamental","EN","ES"
"existential security","seguridad existencial","EN","ES"
"existential security factor","factor de seguridad existencial","EN","ES"
"expectation","expectativa","EN","ES"
"expected value","valor esperado","EN","ES"
"explore-exploit tradeoff","disyuntiva entre explorar y explotar","EN","ES"
"extraterrestrial intelligence","inteligencia extraterrestre","EN","ES"
"extreme cost","costo extremo","EN","ES"
"fair trade","comercio justo","EN","ES"
"family planning","planificación familiar","EN","ES"
"far future","futuro lejano","EN","ES"
"farm animal welfare","bienestar animal en las granjas","EN","ES"
"Faunalytics","Faunalytics","EN","ES"
"Felicifia","Felicifia","EN","ES"
"Fermi estimation","estimación de Fermi","EN","ES"
"Fermi paradox","paradoja de Fermi","EN","ES"
"field building","construcción de campo","EN","ES"
"fish welfare","bienestar de los peces","EN","ES"
"Fish Welfare Initiative","Fish Welfare Initiative","EN","ES"
"flourishing futures","futuros prósperos","EN","ES"
"flow-through effects","efectos indirectos de largo alcance","EN","ES"
"Food Fortification Initiative","Food Fortification Initiative","EN","ES"
"food security","seguridad alimentaria","EN","ES"
"forecast","pronóstico","EN","ES"
"foreign aid","ayuda exterior","EN","ES"
"foreign aid skepticism","escepticismo sobre la ayuda exterior","EN","ES"
"Foresight Institute","Foresight Institute","EN","ES"
"Forethought Foundation","Forethought Foundation","EN","ES"
"Founders Pledge","Founders Pledge","EN","ES"
"friendly AI","AI amigable","EN","ES"
"Fund for Alignment Research","Fund for Alignment Research","EN","ES"
"Future Fund","Future Fund","EN","ES"
"Future of Humanity Institute","Future of Humanity Institute","EN","ES"
"Future of Life Institute","Future of Life Institute","EN","ES"
"future people","personas futuras","EN","ES"
"Futures Lab","Laboratorios de Futuros","EN","ES"
"game theory","teoría de juegos","EN","ES"
"GCR","RCG","EN","ES"
"gene drive","genética dirigida","EN","ES"
"Generation Pledge","Generation Pledge","EN","ES"
"geomagnetic storms","tormentas geomagnéticas","EN","ES"
"GiEffektivt.no","GiEffektivt.no","EN","ES"
"GiveDirectly","GiveDirectly","EN","ES"
"GiveWell","GiveWell","EN","ES"
"Giving Green","Giving Green","EN","ES"
"Giving Multiplier","Giving Multiplier","EN","ES"
"Giving What We Can","Giving What We Can","EN","ES"
"Global Alliance for Improved Nutrition","Global Alliance for Improved Nutrition","EN","ES"
"global burden of disease","carga global de la enfermedad","EN","ES"
"global catastrophe","catástrofe global","EN","ES"
"global catastrophic biological risk","riesgo biológico catastrófico global","EN","ES"
"global catastrophic risk","riesgo catastrófico global","EN","ES"
"Global Catastrophic Risk Institute","Global Catastrophic Risk Institute","EN","ES"
"Global Challenges Foundation","Global Challenges Foundation","EN","ES"
"global development","desarrollo global","EN","ES"
"global governance","gobernanza global","EN","ES"
"global health","salud global","EN","ES"
"global health and development","salud y desarrollo globales","EN","ES"
"Global Health and Development Fund","Global Health and Development Fund","EN","ES"
"global health and wellbeing","salud y bienestar globales","EN","ES"
"global poverty","pobreza global","EN","ES"
"Global Priorities Institute","Global Priorities Institute","EN","ES"
"global priorities research","investigación sobre prioridades globales","EN","ES"
"global public goods","bienes públicos globales","EN","ES"
"Good Food Institute","Good Food Institute","EN","ES"
"governance of artificial intelligence","gobernanza de la inteligencia artificial","EN","ES"
"grabby aliens","extraterrestres acaparadores","EN","ES"
"Great Filter","Gran filtro","EN","ES"
"great power conflict","conflicto entre grandes potencias","EN","ES"
"Guarding Against Pandemics","Guarding Against Pandemics","EN","ES"
"hair-trigger alert","estado de alerta instantáneo","EN","ES"
"Happier Lives Institute","Happier Lives Institute","EN","ES"
"health-adjusted life year","año de vida ajustado por salud","EN","ES"
"hedonium","hedonio","EN","ES"
"Helen Keller International","Helen Keller International","EN","ES"
"hellish existential catastrophe","catástrofe existencial infernal","EN","ES"
"High Impact Athletes","High Impact Athletes","EN","ES"
"high-level machine intelligence","inteligencia artificial de alto nivel","EN","ES"
"hinge of history","bisagra de la historia","EN","ES"
"hits-based giving","filantropía basada en los aciertos ocasionales","EN","ES"
"human challenge trials","estudios de exposición con seres humanos","EN","ES"
"human extinction","extinción humana","EN","ES"
"human-level artificial intelligence","inteligencia artificial de nivel humano","EN","ES"
"human-level AI","IA de nivel humano","EN","ES"
"Humane Slaughter Association","Humane Slaughter Association","EN","ES"
"hyperexistential catastrophe","catástrofe hiperexistencial","EN","ES"
"ideological Turing test","prueba de Turing ideológica","EN","ES"
"immigration reform","reforma migratoria","EN","ES"
"impact assessment","evaluación de impacto","EN","ES"
"impact investing","inversión de impacto","EN","ES"
"impactful","con impacto","EN","ES"
"importance","importancia","EN","ES"
"improving institutional decision making","mejora de la toma de decisiones institucionales","EN","ES"
"in expectation","en términos esperados","EN","ES"
"independent impression","impresión independiente","EN","ES"
"indirect long term effects","efectos indirectos a largo plazo","EN","ES"
"indirect normativity","normatividad indirecta","EN","ES"
"indirection","indirección","EN","ES"
"industrial revolution","Revolución Industrial","EN","ES"
"infinite ethics","ética del infinito","EN","ES"
"information hazard","riesgo de la información","EN","ES"
"information security","seguridad de la información","EN","ES"
"infrastructure profusion","profusión de infraestructura","EN","ES"
"Innovation in Government Initiative","Innovation in Government Initiative","EN","ES"
"Innovations for Poverty Action","Innovations for Poverty Action","EN","ES"
"inside view","perspectiva interna","EN","ES"
"instrumental convergence thesis","tesis de la convergencia instrumental","EN","ES"
"instrumental rationality","racionalidad instrumental","EN","ES"
"instrumental value","valor instrumental","EN","ES"
"intelligence explosion","explosión de inteligencia","EN","ES"
"Intergenerational global public goods","bienes públicos globales intergeneracionales","EN","ES"
"Intermediate-Range Nuclear Forces Treaty","Tratado sobre Fuerzas Nucleares de Rango Intermedio","EN","ES"
"International Atomic Energy Agency","Organismo Internacional de Energía Atómica","EN","ES"
"International Risk Governance Center","International Risk Governance Center","EN","ES"
"interpersonal comparisons of wellbeing","comparaciones interpersonales del bienestar","EN","ES"
"interstellar colonization","colonización interestelar","EN","ES"
"intractable","irresoluble","EN","ES"
"intrinsic value","valor intrínseco","EN","ES"
"introspective hedonism","hedonismo introspectivo","EN","ES"
"intuition of neutrality","intuición de neutralidad","EN","ES"
"invertebrate welfare","bienestar de los invertebrados","EN","ES"
"Invincible Wellbeing","Invincible Wellbeing","EN","ES"
"Iodine Global Network","Iodine Global Network","EN","ES"
"iterated embryo selection","selección de embriones por iteración","EN","ES"
"ITN framework","marco ITD","EN","ES"
"Johns Hopkins Center for Health Security","Johns Hopkins Center for Health Security","EN","ES"
"Joint Comprehensive Plan of Action","Plan de Acción Integral Conjunto","EN","ES"
"land use reform","reforma del uso del suelo","EN","ES"
"large language model","modelo de lenguaje a gran escala","EN","ES"
"large language models","modelos de lenguaje a gran escala","EN","ES"
"Lead Exposure Elimination Project","Lead Exposure Elimination Project","EN","ES"
"Legal Priorities Project","Legal Priorities Project","EN","ES"
"LessWrong","LessWrong","EN","ES"
"Let's Fund","Let's Fund","EN","ES"
"Leverage Research","Leverage Research","EN","ES"
"Leverhulme Center for the Future of Intelligence","Leverhulme Center for the Future of Intelligence","EN","ES"
"life worth living","vida con un saldo positivo de bienestar","EN","ES"
"Local Effective Altruism Network","Local Effective Altruism Network","EN","ES"
"local priorities research","investigación sobre prioridades locales","EN","ES"
"logic of the larder","lógica de la despensa","EN","ES"
"long range forecasting","pronósticación de largo alcance","EN","ES"
"long reflection","era de la reflexión","EN","ES"
"long-run future","futuro a largo plazo","EN","ES"
"long-term AI ethics","ética de la IA a largo plazo","EN","ES"
"long-term future","futuro a largo plazo","EN","ES"
"Long-Term Future Fund","Long-Term Future Fund","EN","ES"
"longtermism","largoplacismo","EN","ES"
"longtermist","largoplacista","EN","ES"
"Longtermist Entrepreneurship Fellowship","Longtermist Entrepreneurship Fellowship","EN","ES"
"longtermist institutional reform","reforma institucional largoplacista","EN","ES"
"longtermists","largoplacistas","EN","ES"
"Longview Philanthropy","Longview Philanthropy","EN","ES"
"low-hanging fruit","oportunidad al alcance de la mano","EN","ES"
"machine intelligence","inteligencia artificial","EN","ES"
"Machine Intelligence Research Institute","Machine Intelligence Research Institute","EN","ES"
"macroeconomic policy","política macroeconómica","EN","ES"
"macrostrategy","macroestrategia","EN","ES"
"Magnify Mentoring","Magnify Mentoring","EN","ES"
"Malaria Consortium","Malaria Consortium","EN","ES"
"malignant AI failure mode","modo de fallo de la IA maligno","EN","ES"
"Manifold Markets","Manifold Markets","EN","ES"
"marginal charity","caridad marginal","EN","ES"
"market efficiency of philanthropy","eficiencia de mercado de la filantropía","EN","ES"
"markets for altruism","mercados para el altruismo","EN","ES"
"mass distribution of long lasting insecticide treated nets","distribución masiva de mosquiteras tratadas con insecticida de larga duración","EN","ES"
"meat eater problem","problema del consumidor de carne","EN","ES"
"mechanism design","diseño de mecanismos","EN","ES"
"Médecins Sans Frontières","Médecins Sans Frontières","EN","ES"
"megaprojects","megaproyectos","EN","ES"
"Metaculus","Metaculus","EN","ES"
"metaethics","metaética","EN","ES"
"metagenomics","metagenómica","EN","ES"
"metascience","metaciencia","EN","ES"
"microfinance","microfinanza","EN","ES"
"micronutrient deficiency","deficiencia de micronutrientes","EN","ES"
"misaligned","desalineado","EN","ES"
"mission-correlated investing","inversión correlacionada con la misión","EN","ES"
"mistake theory","teoría del error","EN","ES"
"model","modelo","EN","ES"
"model uncertainty","incertidumbre sobre los modelos","EN","ES"
"moral advocacy","promoción moral","EN","ES"
"moral circle expansion","ampliación del círculo moral","EN","ES"
"moral cooperation","cooperación moral","EN","ES"
"moral offsetting","compensación moral","EN","ES"
"moral patienthood","posesión de estatus moral","EN","ES"
"moral psychology","psicología moral","EN","ES"
"moral trade","intercambio moral","EN","ES"
"moral uncertainty","incertidumbre moral","EN","ES"
"motivation selection method","método de selección de la motivación","EN","ES"
"movement collapse","colapso del movimiento","EN","ES"
"movement resilience","resiliencia del movimiento","EN","ES"
"naive consequentialism","consecuencialismo ingenuo","EN","ES"
"narrow intervention","intervención estrecha","EN","ES"
"natural existential risk","riesgo existencial natural","EN","ES"
"near future","futuro cercano","EN","ES"
"near-term AI ethics","ética de la IA a corto plazo","EN","ES"
"negative utilitarianism","utilitarismo negativo","EN","ES"
"neglected tropical diseases","enfermedades tropicales desatendidas","EN","ES"
"neglectedness","desatención","EN","ES"
"net-negative","netamente negativo","EN","ES"
"net-positive","netamente positivo","EN","ES"
"neutrality","neutralidad","EN","ES"
"New Harvest","New Harvest","EN","ES"
"non-profit governance","gobernanza de entidades sin ánimo de lucro","EN","ES"
"nonprofit governance","gobernanza de entidades sin ánimo de lucro","EN","ES"
"Nonlinear Fund","Nonlinear Fund","EN","ES"
"normative ethics","ética normativa","EN","ES"
"normative uncertainty","incertidumbre normativa","EN","ES"
"nuclear disarmament movement","movimiento para el desarme nuclear","EN","ES"
"Nuclear Non-Proliferation Treaty","Tratado de No Proliferación Nuclear","EN","ES"
"nuclear security","seguridad nuclear","EN","ES"
"Nuclear Threat Initiative","Nuclear Threat Initiative","EN","ES"
"nuclear war","guerra nuclear","EN","ES"
"nuclear warfare","guerra nuclear","EN","ES"
"nuclear winter","invierno nuclear","EN","ES"
"Nucleic Acid Observatory","Nucleic Acid Observatory","EN","ES"
"object-drive system","sistema dirigido a objetivos","EN","ES"
"object-driven system","sistema dirigido a objetivos","EN","ES"
"object-level","de nivel objeto","EN","ES"
"obligatory altruism","altruismo obligatorio","EN","ES"
"observation selection effect","efecto de selección de la observación","EN","ES"
"observation selection effects","efectos de selección observacional","EN","ES"
"One for the World","One for the World","EN","ES"
"Open Philanthropy","Open Philanthropy","EN","ES"
"OpenAI","OpenAI","EN","ES"
"optimizer's curse","la maldición del optimizador","EN","ES"
"option value","valor de opción","EN","ES"
"Organisation for the Prevention of Intense Suffering","Organisation for the Prevention of Intense Suffering","EN","ES"
"orthogonality thesis","tesis de la ortogonalidad","EN","ES"
"Our Common Agenda","Nuestra Agenda Común","EN","ES"
"Our World in Data","Our World in Data","EN","ES"
"outside view","perspectiva externa","EN","ES"
"overhead","gastos generales","EN","ES"
"Oxford Prioritization Project","Oxford Prioritization Project","EN","ES"
"pandemic preparedness","preparación para las pandemias","EN","ES"
"Pascal's mugging","asalto de Pascal","EN","ES"
"pathogen-agnostic","capaz de detectar cualquier patógeno","EN","ES"
"patient altruism","altruismo paciente","EN","ES"
"patient longtermism","largoplacismo paciente","EN","ES"
"patient philanthropy","filantropía paciente","EN","ES"
"peace and conflict studies","estudios de paz y conflictos","EN","ES"
"People for the Ethical Treatment of Reinforcement Learners","People for the Ethical Treatment of Reinforcement Learners","EN","ES"
"person-affecting views","perspectivas centradas en las personas afectadas","EN","ES"
"personal protective equipment","equipo de protección personal","EN","ES"
"philanthropic coordination","coordinación filantrópica","EN","ES"
"philanthropic diversification","diversificación filantrópica","EN","ES"
"philosophy of effective altruism","filosofía del altruismo eficaz","EN","ES"
"Pineapple Operations","Pineapple Operations","EN","ES"
"PlayPump","PlayPump","EN","ES"
"Ploughshares Fund","Ploughshares Fund","EN","ES"
"Polaris Ventures","Polaris Ventures","EN","ES"
"Policy Entrepreneurship Network","Policy Entrepreneurship Network","EN","ES"
"population ethics","ética de la población","EN","ES"
"prediction markets","mercados de predicciones","EN","ES"
"present generation","generación presente","EN","ES"
"principle of epistemic deference","principio de deferencia epistémica","EN","ES"
"prioritarianism","prioritarismo","EN","ES"
"progress studies","estudios sobre el progreso","EN","ES"
"proxy variable","variable proxy","EN","ES"
"public giving","donación pública","EN","ES"
"public goods","bienes públicos","EN","ES"
"public interest technology","tecnología de interés público","EN","ES"
"pure longtermist good","bien largoplacista puro","EN","ES"
"quadratic voting","votación cuadrática","EN","ES"
"Qualia Research Institute","Qualia Research Institute","EN","ES"
"quality-adjusted life year","año de vida ajustado por calidad","EN","ES"
"Quantified Uncertainty Research Institute","Quantified Uncertainty Research Institute","EN","ES"
"quantum computing","computación cuántica","EN","ES"
"randomized controlled trials","ensayos controlados aleatorizados","EN","ES"
"rationalist community","comunidad de la racionalidad","EN","ES"
"rationality community","comunidad de la racionalidad","EN","ES"
"RC Forward","RC Forward","EN","ES"
"reasoning transparency","transparencia del razonamiento","EN","ES"
"recursive self-improvement","automejora recursiva","EN","ES"
"red teaming","uso de equipos rojos","EN","ES"
"replaceability","remplazabilidad","EN","ES"
"Research Institute for Future Design","Research Institute for Future Design","EN","ES"
"research training programs","programas de formación en investigación","EN","ES"
"resilient food","alimentos resilientes","EN","ES"
"resilient food solutions","soluciones alimentarias resilientes","EN","ES"
"resource tradeoffs","intercambios de recursos","EN","ES"
"Rethink Charity","Rethink Charity","EN","ES"
"Rethink Priorities","Rethink Priorities","EN","ES"
"reversal test","prueba de la reversión","EN","ES"
"double reversal test","prueba de la doble reversión","EN","ES"
"reward function","función de recompensa","EN","ES"
"reward hacking","manipulación de la recompensa","EN","ES"
"ripple effects","efecto de onda","EN","ES"
"risk assessment","evaluación de riesgos","EN","ES"
"risk aversion","aversión al riesgo","EN","ES"
"risks from malevolent actors","riesgos ocasionados por actores malevolentes","EN","ES"
"rogue AI","IA sin escrúpulos","EN","ES"
"role impact","impacto asociado al rol","EN","ES"
"room for more funding","capacidad de recibir más financiación","EN","ES"
"runaway climate change","cambio climático descontrolado","EN","ES"
"s-risk","riesgo S","EN","ES"
"Sanku - Project Healthy Children","Sanku - Project Healthy Children","EN","ES"
"scalable","extensible","EN","ES"
"scale up","ampliar la escala de","EN","ES"
"Scared Straight","Scared Straight","EN","ES"
"Schelling fence","valla de Schelling","EN","ES"
"Schmidt Futures","Schmidt Futures","EN","ES"
"SCI Foundation","SCI Foundation","EN","ES"
"scope insensitivity","insensibilidad al alcance","EN","ES"
"scope neglect","insensibilidad al alcance","EN","ES"
"scout mindset","mentalidad del explorador","EN","ES"
"sentience","sintiencia","EN","ES"
"Sentience Institute","Sentience Institute","EN","ES"
"Sentience Politics","Sentience Politics","EN","ES"
"sentient","sintiente","EN","ES"
"sequence thinking","pensamiento en secuencia","EN","ES"
"sequence vs. cluster thinking","pensamiento en secuencia y pensamiento en conjunto","EN","ES"
"Shrimp Welfare Project","Shrimp Welfare Project","EN","ES"
"Sightsavers","Sightsavers","EN","ES"
"Simon Institute for Longterm Governance","Simon Institute for Longterm Governance","EN","ES"
"simulation argument","argumento de la simulación","EN","ES"
"singleton","singleton","EN","ES"
"singleton hypothesis","hipótesis del singleton","EN","ES"
"socially responsible investing","inversión socialmente responsable","EN","ES"
"SoGive","SoGive","EN","ES"
"soldier mindset","mentalidad del soldado","EN","ES"
"sophisticated consequentialism","consecuencialismo sofisticado","EN","ES"
"space colonization","colonización del espacio","EN","ES"
"space governance","gobernanza del espacio","EN","ES"
"spaced repetition","repaso espaciado","EN","ES"
"Spark Wave","Spark Wave","EN","ES"
"Special Envoy for Future Generations","Enviado Especial para las Generaciones Futuras","EN","ES"
"speciesism","especismo","EN","ES"
"spillover effects","efectos de desbordamiento","EN","ES"
"stakes-sensitivity","sensibilidad a lo que está en juego","EN","ES"
"Stanford Existential Risks Initiative","Stanford Existential Risks Initiative","EN","ES"
"state risk","riesgo de estado","EN","ES"
"status quo bias","sesgo del statu quo","EN","ES"
"step risk","riesgo de transición","EN","ES"
"strong longtermism","largoplacismo fuerte","EN","ES"
"strong longtermist policy","política largoplacista fuerte","EN","ES"
"StrongMinds","StrongMinds","EN","ES"
"subjective wellbeing","bienestar subjetivo","EN","ES"
"suffering focused ethics","ética centrada en el sufrimiento","EN","ES"
"suffering subroutines","subrutinas de sufrimiento","EN","ES"
"Summer Program on Applied Rationality and Cognition","Summer Program on Applied Rationality and Cognition","EN","ES"
"superintelligence","superinteligencia","EN","ES"
"supervolcano","supervolcán","EN","ES"
"supportive conditions","condiciones de apoyo","EN","ES"
"surveillance","vigilancia","EN","ES"
"Survival and Flourishing Fund","Survival and Flourishing Fund","EN","ES"
"sustainability","sostenibilidad","EN","ES"
"Sustainable Development Goals","Objetivos de Desarrollo Sostenible","EN","ES"
"Suvita","Suvita","EN","ES"
"Swift Centre for Applied Forecasting","Swift Centre for Applied Forecasting","EN","ES"
"systemic change","cambio sistémico","EN","ES"
"tabletop exercises","ejercicios de simulación teórica","EN","ES"
"taboo","prohibir","EN","ES"
"Target Malaria","Target Malaria","EN","ES"
"targeted intervention","intervención focalizada","EN","ES"
"technological completion conjecture","conjetura de la compleción tecnológica","EN","ES"
"temporal discounting","descuento temporal","EN","ES"
"terminal value","valor terminal","EN","ES"
"The END Fund","The END Fund","EN","ES"
"The Humane League","The Humane League","EN","ES"
"The Life You Can Save","The Life You Can Save","EN","ES"
"theory of change","teoría del cambio","EN","ES"
"theory of the good","teoría del bien","EN","ES"
"theory of value","teoría del valor","EN","ES"
"thinking at the margin","pensar en el margen","EN","ES"
"time of perils","era de los peligros","EN","ES"
"time of perils hypothesis","hipótesis de la era de los peligros","EN","ES"
"time-money tradeoffs","intercambios de tiempo-dinero","EN","ES"
"timing of philanthropy","temporización de la filantropía","EN","ES"
"to be clueless","no tener la menor idea","EN","ES"
"tobacco control","control del tabaco","EN","ES"
"total view","perspectiva total","EN","ES"
"tractability","tratabilidad","EN","ES"
"tractable","tratable","EN","ES"
"trajectory change","cambio de trayectoria","EN","ES"
"transformative artificial intelligence","inteligencia artificial transformadora","EN","ES"
"transformative development","desarrollo transformador","EN","ES"
"transhumanism","transhumanismo","EN","ES"
"transition risk","riesgo de transición","EN","ES"
"Twitter","Twitter","EN","ES"
"unaligned","no alineada","EN","ES"
"unilateralist's curse","maldición del unilateralista","EN","ES"
"universal basic income","renta básica universal","EN","ES"
"universe's resources","recursos del universo","EN","ES"
"unknown existential risk","riesgo existencial desconocido","EN","ES"
"unknown unknown","desconocimiento desconocido","EN","ES"
"utilitarian","utilitarista","EN","ES"
"utilitarianism","utilitarismo","EN","ES"
"valence","valencia","EN","ES"
"value drift","deriva de valores","EN","ES"
"value lock-in","fijación de valores","EN","ES"
"value of information","valor de la información","EN","ES"
"value theory","teoría del valor","EN","ES"
"virtue ethics","ética de la virtud","EN","ES"
"volcanic winter","invierno volcánico","EN","ES"
"VSL","VVE","EN","ES"
"vulnerable world hypothesis","hipótesis del mundo vulnerable","EN","ES"
"Waitlist Zero","Waitlist Zero","EN","ES"
"warning shot","disparo de advertencia","EN","ES"
"warning sign","señal de advertencia","EN","ES"
"weapons of mass destruction","armas de destrucción masiva","EN","ES"
"welfare biology","biología del bienestar","EN","ES"
"welfare economics","economía del bienestar","EN","ES"
"Welfare Footprint Project","Welfare Footprint Project","EN","ES"
"welfarism","bienestarismo","EN","ES"
"welfarist","bienestarista","EN","ES"
"wellbeing-adjusted life year","año de vida ajustado por bienestar","EN","ES"
"whole brain emulation","emulación de cerebro completo","EN","ES"
"Wild Animal Initiative","Wild Animal Initiative","EN","ES"
"wild animal welfare","bienestar de los animales salvajes","EN","ES"
"willingness to pay","disposición a pagar","EN","ES"
"windfall clause","cláusula de bonanza","EN","ES"
"world poverty","pobleza global","EN","ES"
"Zusha!","Zusha!","EN","ES"
"Related entries","Entradas relacionadas","EN","ES"
"Further reading","Más información","EN","ES"
"External links","Enlaces externos","EN","ES"
"offers several [policy](https://forum.effectivealtruism.org/tag/policy) and [research](https://forum.effectivealtruism.org/tag/research) recommendations","ofrece varias recomendaciones de [políticas](https://forum.effectivealtruism.org/tag/policy) y de [investigación](https://forum.effectivealtruism.org/tag/research)"
"strangelet","strangelet","EN","ES"
"medium-depth investigation","investigación de profundidad intermedia","EN","ES"
"priority path","vía prioritaria","EN","ES"
"machine learning","aprendizaje automático","EN","ES"
"means neutrality","neutralidad respecto a los medios","EN","ES"
"risk neutrality","neutralidad respecto al riesgo","EN","ES"
"investment return","rendimiento de la inversión","EN","ES"
"investment returns","rendimientos de la inversión","EN","ES"
"epistemic spot check","verificación epistémica aleatoria","EN","ES"
"Food and Agriculture Organization of the United Nations","Organización de las Naciones Unidas para la Alimentación y la Agricultura","EN","ES"
"BSL-1","nivel de bioseguridad 1","EN","ES"
"BSL-2","nivel de bioseguridad 2","EN","ES"
"BSL-3","nivel de bioseguridad 3","EN","ES"
"BSL-4","nivel de bioseguridad 4","EN","ES"
"particulate matter","micropartículas","EN","ES"
"moral patient","sujeto moral","EN","ES"
"act utilitarianism","utilitarismo de los actos","EN","ES"
"rule utilitarianism","utilitarismo de las reglas","EN","ES"
"behavioral economics","economía conductual","EN","ES"
"behavioural economics","economía conductual","EN","ES"
"forecasting","pronósticación","EN","ES"
"charitable donation","donación a organizaciones benéficas","EN","ES"
"blog","*blog*","EN","ES"
"working paper","documento de trabajo","EN","ES"
"National Institutes of Health","Institutos Nacionales de Salud","EN","ES"
"Effective Altruism Global","Effective Altruism Global","EN","ES"
"risk management","gestión de riesgos","EN","ES"
"Strategic Defense Initiative","Iniciativa de Defensa Estratégica","EN","ES"
"self-improvement","automejora","EN","ES"
"person-affecting view","perspectiva centrada en las personas afectadas","EN","ES"
"hedon","hedón","EN","ES"
"working memory","memoria de trabajo","EN","ES"
"AI timelines","plazos de la IA","EN","ES"
"power law","ley de potencias","EN","ES"
"deep learning","aprendizaje profundo","EN","ES"
"motivated stopping","interrupción motivada","EN","ES"
"x-risk","riesgo existencial","EN","ES"
"gene editing","edición del genoma","EN","ES"
"on the object level","a nivel objeto","EN","ES"
"COVID-19 pandemic","pandemia de COVID-19","EN","ES"
"antimicrobial resistance","resistencia a los antibióticos","EN","ES"
"classical utilitarian","utilitarista clásico","EN","ES"
"negentropy","neguentropía","EN","ES"
"life cycle","ciclo de vida","EN","ES"
"dolorium","dolorio","EN","ES"
"dolor","dolor","EN","ES"
"hedons","hedones","EN","ES"
"dolors","dolores","EN","ES"
"longtermist AI governance","gobernanza de la IA largoplacista","EN","ES"
"AI strategy","estrategia de la IA","EN","ES"
"longtermist AI strategy","estrategia de la AI largoplacista","EN","ES"
"longtermist AI safety","seguridad de la AI largoplacista","EN","ES"
"scaling law","ley de escalamiento","EN","ES"
"neural model","modelo neuronal","EN","ES"
"language model","modelo de lenguaje","EN","ES"
"neural language model","modelo neuronal de lenguaje","EN","ES"
"teaching buyout","financiación de excenciones de docencia","EN","ES"
"grantmaker","organización que otorga becas","EN","ES"
"speech recognition","reconocimiento de voz","EN","ES"
"aritificial general intelligence","inteligencia artificial general","EN","ES"
"inclusive fitness","aptitud inclusiva","EN","ES"
"utilitronium","utilitronio","EN","ES"
"preference utilitarianism","utilitarismo de las preferencias","EN","ES"
"goal driven system","sistema orientado a objetivos","EN","ES"
"Manhattan Project","Proyecto Manhattan","EN","ES"
"reinforcement learning","aprendizaje por refuerzo","EN","ES"
"East Bengal","Bengala Oriental","EN","ES"
"famine relief funds","fondos para aliviar las hambrunas","EN","ES"
"trillion","billón","EN","ES"
"quadrillion","mil billones","EN","ES"
"quintillion","trillón","EN","ES"
"sextillion","mil trillones","EN","ES"
"BCE","a. de C.","EN","ES"
"Disease Control Priorities","Prioridades para el control de enfermedades","EN","ES"
"DCP2","PCE2","EN","ES"
"DCP3","PCE3","EN","ES"
"antiretroviral","antirretroviral","EN","ES"
"factory farming","cría intensiva de animales","EN","ES"
"triage","triaje","EN","ES"
"the 80,000 Hours Podcast","el *podcast* de 80.000 Horas","EN","ES"
"objective function","función objetivo","EN","ES"
"Occam's razor","navaja de Ockham","EN","ES"
"Ockham's razor","navaja de Ockham","EN","ES"
"gains from trade","ganancias del comercio","EN","ES"
"coherent extrapolated volition","volición extrapolada coherente","EN","ES"
"technical AI alignment","alineación de la IA técnica","EN","ES"
"technical AI safety","seguridad de la IA técnica","EN","ES"
"value-loading problem","problema de la carga de valores","EN","ES"
"totalism","totalismo","EN","ES"
"posthuman","posthumano","EN","ES"
"post-human","posthumano","EN","ES"
"acting-on-utilitarianism","actuar-conforme-al-utilitarismo","EN","ES"
"arguments-for-utilitarianism","argumentos-a-favor-del-utilitarismo","EN","ES"
"glossary","glosario","EN","ES"
"introduction-to-utilitarianism","introduccion-al-utilitarismo","EN","ES"
"near-utilitarian-alternatives","alternativas-casi-utilitaristas","EN","ES"
"peter-singer-famine-affluence-and-morality","peter-singer-hambre-riqueza-y-moralidad","EN","ES"
"population-ethics","etica-de-la-poblacion","EN","ES"
"resources-and-further-reading","recursos-y-mas-informacion","EN","ES"
"textbook","libro-de-texto","EN","ES"
"theories-of-wellbeing","teorias-del-bienestar","EN","ES"
"types-of-utilitarianism","tipos-de-utilitarismo","EN","ES"
"utilitarianism-and-practical-ethics","utilitarismo-y-etica-practica","EN","ES"
"utilitarianism-for-high-school-students","utilitarismo-para-estudiantes-de-secundaria","EN","ES"
"utilitarian-quotes","citas-utilitaristas","EN","ES"
"utilitarian-thinkers","pensadores-utilitaristas","EN","ES"
"books/","libros/","EN","ES"
"guest-essays/","ensayos-invitados/","EN","ES"
"objections-to-utilitarianism/","objeciones-al-utilitarismo/","EN","ES"
"utilitarian-thinker/","pensador-utilitarista/","EN","ES"
"thought experiment","experimento mental","EN","ES"
"veil of ignorance","velo de la ignorancia","EN","ES"
"trolley problem","problema del tranvía","EN","ES"
"loss aversion","aversión a la pérdida","EN","ES"
"self-fulfilling prophecy","profecía autocumplida","EN","ES"
"commonsense morality","moral de sentido común","EN","ES"
"status quo","*statu quo*","EN","ES"
"act consequentialism","consecuencialismo de los actos","EN","ES"
"rule consequentialism","consecuencialismo de las reglas","EN","ES"
"critical level view","perspectiva del nivel crítico","EN","ES"
"average view","perspectiva promedio","EN","ES"
"repugnant conclusion","conclusión repugnante","EN","ES"
"toy model","modelo simplificado","EN","ES"
"factory farm","criadero intensivo de animales","EN","ES"
"experience machine","máquina de experiencias","EN","ES"
"confounding factor","factor de confusión","EN","ES"
"confounding variable","variable de confusión","EN","ES"
"counterintuitive","contraintuitivo","EN","ES"
"evil pleasure","placer malvado","EN","ES"
"cause impartiality","imparcialidad respecto a las causas","EN","ES"
"back of the envelope calculation","cálculo de servilleta","EN","ES"
"demandingness objection","objeción de la exigencia","EN","ES"
"overdemandingness objection","objeción de la sobreexigencia","EN","ES"
"self-effacing","que recomienda su propia desaparición","EN","ES"
